Pax,Itinerary,Flights
I00+P00,I00,F00
I00+P01,I00,F00
I00+P02,I00,F00
I00+P03,I00,F00
I00+P04,I00,F00
I00+P05,I00,F00
I00+P06,I00,F00
I00+P07,I00,F00
I00+P08,I00,F00
I00+P09,I00,F00
I00+P10,I00,F00
I00+P11,I00,F00
I00+P12,I00,F00
I00+P13,I00,F00
I00+P14,I00,F00
I00+P15,I00,F00
I00+P16,I00,F00
I00+P17,I00,F00
I00+P18,I00,F00
I00+P19,I00,F00
I00+P20,I00,F00
I00+P21,I00,F00
I00+P22,I00,F00
I00+P23,I00,F00
I00+P24,I00,F00
I00+P25,I00,F00
I00+P26,I00,F00
I00+P27,I00,F00
I00+P28,I00,F00
I00+P29,I00,F00
I00+P30,I00,F00
I00+P31,I00,F00
I00+P32,I00,F00
I00+P33,I00,F00
I00+P34,I00,F00
I00+P35,I00,F00
I00+P36,I00,F00
I00+P37,I00,F00
I00+P38,I00,F00
I00+P39,I00,F00
I00+P40,I00,F00
I00+P41,I00,F00
I00+P42,I00,F00
I00+P43,I00,F00
I00+P44,I00,F00
I00+P45,I00,F00
I00+P46,I00,F00
I00+P47,I00,F00
I00+P48,I00,F00
I00+P49,I00,F00
I00+P50,I00,F00
I00+P51,I00,F00
I00+P52,I00,F00
I00+P53,I00,F00
I00+P54,I00,F00
I00+P55,I00,F00
I00+P56,I00,F00
I00+P57,I00,F00
I00+P58,I00,F00
I00+P59,I00,F00
I00+P60,I00,F00
I00+P61,I00,F00
I00+P62,I00,F00
I00+P63,I00,F00
I00+P64,I00,F00
I00+P65,I00,F00
I00+P66,I00,F00
I00+P67,I00,F00
I00+P68,I00,F00
I00+P69,I00,F00
I00+P70,I00,F00
I00+P71,I00,F00
I00+P72,I00,F00
I00+P73,I00,F00
I00+P74,I00,F00
I00+P75,I00,F00
I00+P76,I00,F00
I00+P77,I00,F00
I00+P78,I00,F00
I00+P79,I00,F00
I00+P80,I00,F00
I00+P81,I00,F00
I00+P82,I00,F00
I00+P83,I00,F00
I00+P84,I00,F00
I01+P00,I01,F00-F01
I01+P01,I01,F00-F01
I01+P02,I01,F00-F01
I01+P03,I01,F00-F01
I01+P04,I01,F00-F01
I01+P05,I01,F00-F01
I01+P06,I01,F00-F01
I01+P07,I01,F00-F01
I01+P08,I01,F00-F01
I01+P09,I01,F00-F01
I01+P10,I01,F00-F01
I02+P00,I02,F01
I02+P01,I02,F01
I02+P02,I02,F01
I02+P03,I02,F01
I02+P04,I02,F01
I02+P05,I02,F01
I02+P06,I02,F01
I02+P07,I02,F01
I02+P08,I02,F01
I02+P09,I02,F01
I02+P10,I02,F01
I02+P11,I02,F01
I02+P12,I02,F01
I02+P13,I02,F01
I02+P14,I02,F01
I02+P15,I02,F01
I02+P16,I02,F01
I02+P17,I02,F01
I02+P18,I02,F01
I02+P19,I02,F01
I02+P20,I02,F01
I02+P21,I02,F01
I02+P22,I02,F01
I02+P23,I02,F01
I02+P24,I02,F01
I02+P25,I02,F01
I02+P26,I02,F01
I02+P27,I02,F01
I02+P28,I02,F01
I02+P29,I02,F01
I02+P30,I02,F01
I02+P31,I02,F01
I02+P32,I02,F01
I02+P33,I02,F01
I02+P34,I02,F01
I02+P35,I02,F01
I02+P36,I02,F01
I02+P37,I02,F01
I02+P38,I02,F01
I02+P39,I02,F01
I02+P40,I02,F01
I02+P41,I02,F01
I02+P42,I02,F01
I02+P43,I02,F01
I02+P44,I02,F01
I02+P45,I02,F01
I02+P46,I02,F01
I02+P47,I02,F01
I02+P48,I02,F01
I02+P49,I02,F01
I02+P50,I02,F01
I02+P51,I02,F01
I02+P52,I02,F01
I02+P53,I02,F01
I02+P54,I02,F01
I02+P55,I02,F01
I02+P56,I02,F01
I02+P57,I02,F01
I02+P58,I02,F01
I02+P59,I02,F01
I02+P60,I02,F01
I02+P61,I02,F01
I02+P62,I02,F01
I02+P63,I02,F01
I02+P64,I02,F01
I02+P65,I02,F01
I02+P66,I02,F01
I02+P67,I02,F01
I02+P68,I02,F01
I02+P69,I02,F01
I02+P70,I02,F01
I02+P71,I02,F01
I02+P72,I02,F01
I02+P73,I02,F01
I02+P74,I02,F01
I03+P00,I03,F02
I03+P01,I03,F02
I03+P02,I03,F02
I03+P03,I03,F02
I03+P04,I03,F02
I03+P05,I03,F02
I03+P06,I03,F02
I03+P07,I03,F02
I03+P08,I03,F02
I03+P09,I03,F02
I03+P10,I03,F02
I03+P11,I03,F02
I03+P12,I03,F02
I03+P13,I03,F02
I03+P14,I03,F02
I03+P15,I03,F02
I03+P16,I03,F02
I03+P17,I03,F02
I03+P18,I03,F02
I03+P19,I03,F02
I03+P20,I03,F02
I03+P21,I03,F02
I03+P22,I03,F02
I03+P23,I03,F02
I03+P24,I03,F02
I03+P25,I03,F02
I03+P26,I03,F02
I03+P27,I03,F02
I03+P28,I03,F02
I03+P29,I03,F02
I03+P30,I03,F02
I03+P31,I03,F02
I03+P32,I03,F02
I03+P33,I03,F02
I03+P34,I03,F02
I03+P35,I03,F02
I03+P36,I03,F02
I03+P37,I03,F02
I03+P38,I03,F02
I03+P39,I03,F02
I03+P40,I03,F02
I03+P41,I03,F02
I03+P42,I03,F02
I03+P43,I03,F02
I03+P44,I03,F02
I03+P45,I03,F02
I03+P46,I03,F02
I03+P47,I03,F02
I03+P48,I03,F02
I03+P49,I03,F02
I03+P50,I03,F02
I03+P51,I03,F02
I03+P52,I03,F02
I03+P53,I03,F02
I03+P54,I03,F02
I03+P55,I03,F02
I03+P56,I03,F02
I03+P57,I03,F02
I03+P58,I03,F02
I03+P59,I03,F02
I03+P60,I03,F02
I03+P61,I03,F02
I03+P62,I03,F02
I03+P63,I03,F02
I03+P64,I03,F02
I03+P65,I03,F02
I03+P66,I03,F02
I03+P67,I03,F02
I03+P68,I03,F02
I03+P69,I03,F02
I03+P70,I03,F02
I03+P71,I03,F02
I03+P72,I03,F02
I03+P73,I03,F02
I03+P74,I03,F02
I03+P75,I03,F02
I03+P76,I03,F02
I03+P77,I03,F02
I03+P78,I03,F02
I03+P79,I03,F02
I03+P80,I03,F02
I03+P81,I03,F02
I03+P82,I03,F02
I03+P83,I03,F02
I03+P84,I03,F02
I03+P85,I03,F02
I03+P86,I03,F02
I03+P87,I03,F02
I03+P88,I03,F02
I03+P89,I03,F02
I03+P90,I03,F02
I03+P91,I03,F02
I03+P92,I03,F02
I03+P93,I03,F02
I03+P94,I03,F02
I03+P95,I03,F02
I04+P00,I04,F03
I04+P01,I04,F03
I04+P02,I04,F03
I04+P03,I04,F03
I04+P04,I04,F03
I04+P05,I04,F03
I04+P06,I04,F03
I04+P07,I04,F03
I04+P08,I04,F03
I04+P09,I04,F03
I04+P10,I04,F03
I04+P11,I04,F03
I04+P12,I04,F03
I04+P13,I04,F03
I04+P14,I04,F03
I04+P15,I04,F03
I04+P16,I04,F03
I04+P17,I04,F03
I04+P18,I04,F03
I04+P19,I04,F03
I04+P20,I04,F03
I04+P21,I04,F03
I04+P22,I04,F03
I04+P23,I04,F03
I04+P24,I04,F03
I04+P25,I04,F03
I04+P26,I04,F03
I04+P27,I04,F03
I04+P28,I04,F03
I04+P29,I04,F03
I04+P30,I04,F03
I04+P31,I04,F03
I04+P32,I04,F03
I04+P33,I04,F03
I04+P34,I04,F03
I04+P35,I04,F03
I04+P36,I04,F03
I04+P37,I04,F03
I04+P38,I04,F03
I04+P39,I04,F03
I04+P40,I04,F03
I04+P41,I04,F03
I04+P42,I04,F03
I04+P43,I04,F03
I04+P44,I04,F03
I04+P45,I04,F03
I04+P46,I04,F03
I04+P47,I04,F03
I04+P48,I04,F03
I04+P49,I04,F03
I04+P50,I04,F03
I04+P51,I04,F03
I04+P52,I04,F03
I04+P53,I04,F03
I04+P54,I04,F03
I04+P55,I04,F03
I04+P56,I04,F03
I04+P57,I04,F03
I04+P58,I04,F03
I04+P59,I04,F03
I04+P60,I04,F03
I04+P61,I04,F03
I04+P62,I04,F03
I04+P63,I04,F03
I04+P64,I04,F03
I04+P65,I04,F03
I04+P66,I04,F03
I04+P67,I04,F03
I04+P68,I04,F03
I04+P69,I04,F03
I04+P70,I04,F03
I04+P71,I04,F03
I04+P72,I04,F03
I04+P73,I04,F03
I04+P74,I04,F03
I04+P75,I04,F03
I04+P76,I04,F03
I04+P77,I04,F03
I04+P78,I04,F03
I04+P79,I04,F03
I04+P80,I04,F03
I04+P81,I04,F03
I04+P82,I04,F03
I04+P83,I04,F03
I04+P84,I04,F03
I04+P85,I04,F03
I04+P86,I04,F03
I04+P87,I04,F03
I04+P88,I04,F03
I04+P89,I04,F03
I04+P90,I04,F03
I04+P91,I04,F03
I04+P92,I04,F03
I04+P93,I04,F03
I04+P94,I04,F03
I04+P95,I04,F03
I05+P00,I05,F04
I05+P01,I05,F04
I05+P02,I05,F04
I05+P03,I05,F04
I05+P04,I05,F04
I05+P05,I05,F04
I05+P06,I05,F04
I05+P07,I05,F04
I05+P08,I05,F04
I05+P09,I05,F04
I05+P10,I05,F04
I05+P11,I05,F04
I05+P12,I05,F04
I05+P13,I05,F04
I05+P14,I05,F04
I05+P15,I05,F04
I05+P16,I05,F04
I05+P17,I05,F04
I05+P18,I05,F04
I05+P19,I05,F04
I05+P20,I05,F04
I05+P21,I05,F04
I05+P22,I05,F04
I05+P23,I05,F04
I05+P24,I05,F04
I05+P25,I05,F04
I05+P26,I05,F04
I05+P27,I05,F04
I05+P28,I05,F04
I05+P29,I05,F04
I05+P30,I05,F04
I05+P31,I05,F04
I05+P32,I05,F04
I05+P33,I05,F04
I05+P34,I05,F04
I05+P35,I05,F04
I05+P36,I05,F04
I05+P37,I05,F04
I05+P38,I05,F04
I05+P39,I05,F04
I05+P40,I05,F04
I05+P41,I05,F04
I05+P42,I05,F04
I05+P43,I05,F04
I05+P44,I05,F04
I05+P45,I05,F04
I05+P46,I05,F04
I05+P47,I05,F04
I05+P48,I05,F04
I05+P49,I05,F04
I05+P50,I05,F04
I05+P51,I05,F04
I05+P52,I05,F04
I05+P53,I05,F04
I05+P54,I05,F04
I05+P55,I05,F04
I05+P56,I05,F04
I05+P57,I05,F04
I05+P58,I05,F04
I05+P59,I05,F04
I05+P60,I05,F04
I05+P61,I05,F04
I05+P62,I05,F04
I05+P63,I05,F04
I05+P64,I05,F04
I05+P65,I05,F04
I05+P66,I05,F04
I05+P67,I05,F04
I05+P68,I05,F04
I05+P69,I05,F04
I05+P70,I05,F04
I05+P71,I05,F04
I05+P72,I05,F04
I05+P73,I05,F04
I05+P74,I05,F04
I05+P75,I05,F04
I05+P76,I05,F04
I05+P77,I05,F04
I05+P78,I05,F04
I05+P79,I05,F04
I05+P80,I05,F04
I05+P81,I05,F04
I05+P82,I05,F04
I05+P83,I05,F04
I05+P84,I05,F04
I06+P00,I06,F04-F05
I06+P01,I06,F04-F05
I06+P02,I06,F04-F05
I06+P03,I06,F04-F05
I06+P04,I06,F04-F05
I06+P05,I06,F04-F05
I06+P06,I06,F04-F05
I06+P07,I06,F04-F05
I06+P08,I06,F04-F05
I06+P09,I06,F04-F05
I06+P10,I06,F04-F05
I07+P00,I07,F05
I07+P01,I07,F05
I07+P02,I07,F05
I07+P03,I07,F05
I07+P04,I07,F05
I07+P05,I07,F05
I07+P06,I07,F05
I07+P07,I07,F05
I07+P08,I07,F05
I07+P09,I07,F05
I07+P10,I07,F05
I07+P11,I07,F05
I07+P12,I07,F05
I07+P13,I07,F05
I07+P14,I07,F05
I07+P15,I07,F05
I07+P16,I07,F05
I07+P17,I07,F05
I07+P18,I07,F05
I07+P19,I07,F05
I07+P20,I07,F05
I07+P21,I07,F05
I07+P22,I07,F05
I07+P23,I07,F05
I07+P24,I07,F05
I07+P25,I07,F05
I07+P26,I07,F05
I07+P27,I07,F05
I07+P28,I07,F05
I07+P29,I07,F05
I07+P30,I07,F05
I07+P31,I07,F05
I07+P32,I07,F05
I07+P33,I07,F05
I07+P34,I07,F05
I07+P35,I07,F05
I07+P36,I07,F05
I07+P37,I07,F05
I07+P38,I07,F05
I07+P39,I07,F05
I07+P40,I07,F05
I07+P41,I07,F05
I07+P42,I07,F05
I07+P43,I07,F05
I07+P44,I07,F05
I07+P45,I07,F05
I07+P46,I07,F05
I07+P47,I07,F05
I07+P48,I07,F05
I07+P49,I07,F05
I07+P50,I07,F05
I07+P51,I07,F05
I07+P52,I07,F05
I07+P53,I07,F05
I07+P54,I07,F05
I07+P55,I07,F05
I07+P56,I07,F05
I07+P57,I07,F05
I07+P58,I07,F05
I07+P59,I07,F05
I07+P60,I07,F05
I07+P61,I07,F05
I07+P62,I07,F05
I07+P63,I07,F05
I07+P64,I07,F05
I07+P65,I07,F05
I07+P66,I07,F05
I07+P67,I07,F05
I07+P68,I07,F05
I07+P69,I07,F05
I07+P70,I07,F05
I07+P71,I07,F05
I07+P72,I07,F05
I07+P73,I07,F05
I07+P74,I07,F05
I07+P75,I07,F05
I07+P76,I07,F05
I07+P77,I07,F05
I07+P78,I07,F05
I07+P79,I07,F05
I07+P80,I07,F05
I07+P81,I07,F05
I07+P82,I07,F05
I07+P83,I07,F05
I07+P84,I07,F05
I08+P00,I08,F06
I08+P01,I08,F06
I08+P02,I08,F06
I08+P03,I08,F06
I08+P04,I08,F06
I08+P05,I08,F06
I08+P06,I08,F06
I08+P07,I08,F06
I08+P08,I08,F06
I08+P09,I08,F06
I08+P10,I08,F06
I08+P11,I08,F06
I08+P12,I08,F06
I08+P13,I08,F06
I08+P14,I08,F06
I08+P15,I08,F06
I08+P16,I08,F06
I08+P17,I08,F06
I08+P18,I08,F06
I08+P19,I08,F06
I08+P20,I08,F06
I08+P21,I08,F06
I08+P22,I08,F06
I08+P23,I08,F06
I08+P24,I08,F06
I08+P25,I08,F06
I08+P26,I08,F06
I08+P27,I08,F06
I08+P28,I08,F06
I08+P29,I08,F06
I08+P30,I08,F06
I08+P31,I08,F06
I08+P32,I08,F06
I08+P33,I08,F06
I08+P34,I08,F06
I08+P35,I08,F06
I08+P36,I08,F06
I08+P37,I08,F06
I08+P38,I08,F06
I08+P39,I08,F06
I08+P40,I08,F06
I08+P41,I08,F06
I08+P42,I08,F06
I08+P43,I08,F06
I08+P44,I08,F06
I08+P45,I08,F06
I08+P46,I08,F06
I08+P47,I08,F06
I08+P48,I08,F06
I08+P49,I08,F06
I08+P50,I08,F06
I08+P51,I08,F06
I08+P52,I08,F06
I08+P53,I08,F06
I08+P54,I08,F06
I08+P55,I08,F06
I08+P56,I08,F06
I08+P57,I08,F06
I08+P58,I08,F06
I08+P59,I08,F06
I08+P60,I08,F06
I08+P61,I08,F06
I08+P62,I08,F06
I08+P63,I08,F06
I08+P64,I08,F06
I08+P65,I08,F06
I08+P66,I08,F06
I08+P67,I08,F06
I08+P68,I08,F06
I08+P69,I08,F06
I08+P70,I08,F06
I08+P71,I08,F06
I08+P72,I08,F06
I08+P73,I08,F06
I08+P74,I08,F06
I08+P75,I08,F06
I08+P76,I08,F06
I08+P77,I08,F06
I08+P78,I08,F06
I08+P79,I08,F06
I08+P80,I08,F06
I08+P81,I08,F06
I08+P82,I08,F06
I08+P83,I08,F06
I08+P84,I08,F06
I08+P85,I08,F06
I08+P86,I08,F06
I08+P87,I08,F06
I08+P88,I08,F06
I08+P89,I08,F06
I08+P90,I08,F06
I08+P91,I08,F06
I08+P92,I08,F06
I08+P93,I08,F06
I08+P94,I08,F06
I08+P95,I08,F06
I08+P96,I08,F06
I08+P97,I08,F06
I08+P98,I08,F06
I08+P99,I08,F06
I09+P00,I09,F07
I09+P01,I09,F07
I09+P02,I09,F07
I09+P03,I09,F07
I09+P04,I09,F07
I09+P05,I09,F07
I09+P06,I09,F07
I09+P07,I09,F07
I09+P08,I09,F07
I09+P09,I09,F07
I09+P10,I09,F07
I09+P11,I09,F07
I09+P12,I09,F07
I09+P13,I09,F07
I09+P14,I09,F07
I09+P15,I09,F07
I09+P16,I09,F07
I09+P17,I09,F07
I09+P18,I09,F07
I09+P19,I09,F07
I09+P20,I09,F07
I09+P21,I09,F07
I09+P22,I09,F07
I09+P23,I09,F07
I09+P24,I09,F07
I09+P25,I09,F07
I09+P26,I09,F07
I09+P27,I09,F07
I09+P28,I09,F07
I09+P29,I09,F07
I09+P30,I09,F07
I09+P31,I09,F07
I09+P32,I09,F07
I09+P33,I09,F07
I09+P34,I09,F07
I09+P35,I09,F07
I09+P36,I09,F07
I09+P37,I09,F07
I09+P38,I09,F07
I09+P39,I09,F07
I09+P40,I09,F07
I09+P41,I09,F07
I09+P42,I09,F07
I09+P43,I09,F07
I09+P44,I09,F07
I09+P45,I09,F07
I09+P46,I09,F07
I09+P47,I09,F07
I09+P48,I09,F07
I09+P49,I09,F07
I09+P50,I09,F07
I09+P51,I09,F07
I09+P52,I09,F07
I09+P53,I09,F07
I09+P54,I09,F07
I09+P55,I09,F07
I09+P56,I09,F07
I09+P57,I09,F07
I09+P58,I09,F07
I09+P59,I09,F07
I09+P60,I09,F07
I09+P61,I09,F07
I09+P62,I09,F07
I09+P63,I09,F07
I09+P64,I09,F07
I09+P65,I09,F07
I09+P66,I09,F07
I09+P67,I09,F07
I09+P68,I09,F07
I09+P69,I09,F07
I09+P70,I09,F07
I09+P71,I09,F07
I09+P72,I09,F07
I09+P73,I09,F07
I09+P74,I09,F07
I09+P75,I09,F07
I09+P76,I09,F07
I09+P77,I09,F07
I09+P78,I09,F07
I09+P79,I09,F07
I09+P80,I09,F07
I09+P81,I09,F07
I09+P82,I09,F07
I09+P83,I09,F07
I09+P84,I09,F07
I09+P85,I09,F07
I09+P86,I09,F07
I09+P87,I09,F07
I09+P88,I09,F07
I09+P89,I09,F07
I09+P90,I09,F07
I09+P91,I09,F07
I09+P92,I09,F07
I09+P93,I09,F07
I09+P94,I09,F07
I09+P95,I09,F07
I09+P96,I09,F07
I09+P97,I09,F07
I09+P98,I09,F07
I09+P99,I09,F07
I09+P100,I09,F07
I09+P101,I09,F07
I09+P102,I09,F07
I09+P103,I09,F07
I09+P104,I09,F07
I09+P105,I09,F07
I09+P106,I09,F07
I09+P107,I09,F07
I09+P108,I09,F07
I09+P109,I09,F07
I09+P110,I09,F07
I09+P111,I09,F07
I09+P112,I09,F07
I10+P00,I10,F08
I10+P01,I10,F08
I10+P02,I10,F08
I10+P03,I10,F08
I10+P04,I10,F08
I10+P05,I10,F08
I10+P06,I10,F08
I10+P07,I10,F08
I10+P08,I10,F08
I10+P09,I10,F08
I10+P10,I10,F08
I10+P11,I10,F08
I10+P12,I10,F08
I10+P13,I10,F08
I10+P14,I10,F08
I10+P15,I10,F08
I10+P16,I10,F08
I10+P17,I10,F08
I10+P18,I10,F08
I10+P19,I10,F08
I10+P20,I10,F08
I10+P21,I10,F08
I10+P22,I10,F08
I10+P23,I10,F08
I10+P24,I10,F08
I10+P25,I10,F08
I10+P26,I10,F08
I10+P27,I10,F08
I10+P28,I10,F08
I10+P29,I10,F08
I10+P30,I10,F08
I10+P31,I10,F08
I10+P32,I10,F08
I10+P33,I10,F08
I10+P34,I10,F08
I10+P35,I10,F08
I10+P36,I10,F08
I10+P37,I10,F08
I10+P38,I10,F08
I10+P39,I10,F08
I10+P40,I10,F08
I10+P41,I10,F08
I10+P42,I10,F08
I10+P43,I10,F08
I10+P44,I10,F08
I10+P45,I10,F08
I10+P46,I10,F08
I10+P47,I10,F08
I10+P48,I10,F08
I10+P49,I10,F08
I10+P50,I10,F08
I10+P51,I10,F08
I10+P52,I10,F08
I10+P53,I10,F08
I10+P54,I10,F08
I10+P55,I10,F08
I10+P56,I10,F08
I10+P57,I10,F08
I10+P58,I10,F08
I10+P59,I10,F08
I10+P60,I10,F08
I10+P61,I10,F08
I10+P62,I10,F08
I10+P63,I10,F08
I10+P64,I10,F08
I10+P65,I10,F08
I10+P66,I10,F08
I10+P67,I10,F08
I10+P68,I10,F08
I10+P69,I10,F08
I10+P70,I10,F08
I10+P71,I10,F08
I10+P72,I10,F08
I10+P73,I10,F08
I10+P74,I10,F08
I10+P75,I10,F08
I10+P76,I10,F08
I10+P77,I10,F08
I10+P78,I10,F08
I10+P79,I10,F08
I10+P80,I10,F08
I10+P81,I10,F08
I10+P82,I10,F08
I10+P83,I10,F08
I10+P84,I10,F08
I10+P85,I10,F08
I10+P86,I10,F08
I10+P87,I10,F08
I10+P88,I10,F08
I10+P89,I10,F08
I10+P90,I10,F08
I10+P91,I10,F08
I10+P92,I10,F08
I10+P93,I10,F08
I10+P94,I10,F08
I10+P95,I10,F08
I10+P96,I10,F08
I10+P97,I10,F08
I10+P98,I10,F08
I10+P99,I10,F08
I10+P100,I10,F08
I10+P101,I10,F08
I10+P102,I10,F08
I10+P103,I10,F08
I10+P104,I10,F08
I10+P105,I10,F08
I10+P106,I10,F08
I10+P107,I10,F08
I10+P108,I10,F08
I10+P109,I10,F08
I10+P110,I10,F08
I10+P111,I10,F08
I10+P112,I10,F08
I10+P113,I10,F08
I10+P114,I10,F08
I10+P115,I10,F08
I10+P116,I10,F08
I10+P117,I10,F08
I10+P118,I10,F08
I10+P119,I10,F08
I10+P120,I10,F08
I10+P121,I10,F08
I10+P122,I10,F08
I10+P123,I10,F08
I10+P124,I10,F08
I10+P125,I10,F08
I10+P126,I10,F08
I10+P127,I10,F08
I11+P00,I11,F09
I11+P01,I11,F09
I11+P02,I11,F09
I11+P03,I11,F09
I11+P04,I11,F09
I11+P05,I11,F09
I11+P06,I11,F09
I11+P07,I11,F09
I11+P08,I11,F09
I11+P09,I11,F09
I11+P10,I11,F09
I11+P11,I11,F09
I11+P12,I11,F09
I11+P13,I11,F09
I11+P14,I11,F09
I11+P15,I11,F09
I11+P16,I11,F09
I11+P17,I11,F09
I11+P18,I11,F09
I11+P19,I11,F09
I11+P20,I11,F09
I11+P21,I11,F09
I11+P22,I11,F09
I11+P23,I11,F09
I11+P24,I11,F09
I11+P25,I11,F09
I11+P26,I11,F09
I11+P27,I11,F09
I11+P28,I11,F09
I11+P29,I11,F09
I11+P30,I11,F09
I11+P31,I11,F09
I11+P32,I11,F09
I11+P33,I11,F09
I11+P34,I11,F09
I11+P35,I11,F09
I11+P36,I11,F09
I11+P37,I11,F09
I11+P38,I11,F09
I11+P39,I11,F09
I11+P40,I11,F09
I11+P41,I11,F09
I11+P42,I11,F09
I11+P43,I11,F09
I11+P44,I11,F09
I11+P45,I11,F09
I11+P46,I11,F09
I11+P47,I11,F09
I11+P48,I11,F09
I11+P49,I11,F09
I11+P50,I11,F09
I11+P51,I11,F09
I11+P52,I11,F09
I11+P53,I11,F09
I11+P54,I11,F09
I11+P55,I11,F09
I11+P56,I11,F09
I11+P57,I11,F09
I11+P58,I11,F09
I11+P59,I11,F09
I11+P60,I11,F09
I11+P61,I11,F09
I11+P62,I11,F09
I11+P63,I11,F09
I11+P64,I11,F09
I11+P65,I11,F09
I11+P66,I11,F09
I11+P67,I11,F09
I11+P68,I11,F09
I11+P69,I11,F09
I11+P70,I11,F09
I11+P71,I11,F09
I11+P72,I11,F09
I11+P73,I11,F09
I11+P74,I11,F09
I11+P75,I11,F09
I11+P76,I11,F09
I11+P77,I11,F09
I11+P78,I11,F09
I11+P79,I11,F09
I11+P80,I11,F09
I11+P81,I11,F09
I11+P82,I11,F09
I11+P83,I11,F09
I11+P84,I11,F09
I11+P85,I11,F09
I11+P86,I11,F09
I11+P87,I11,F09
I11+P88,I11,F09
I11+P89,I11,F09
I11+P90,I11,F09
I11+P91,I11,F09
I11+P92,I11,F09
I11+P93,I11,F09
I11+P94,I11,F09
I11+P95,I11,F09
I11+P96,I11,F09
I11+P97,I11,F09
I11+P98,I11,F09
I11+P99,I11,F09
I11+P100,I11,F09
I11+P101,I11,F09
I11+P102,I11,F09
I11+P103,I11,F09
I11+P104,I11,F09
I11+P105,I11,F09
I11+P106,I11,F09
I11+P107,I11,F09
I11+P108,I11,F09
I11+P109,I11,F09
I11+P110,I11,F09
I11+P111,I11,F09
I11+P112,I11,F09
I11+P113,I11,F09
I11+P114,I11,F09
I11+P115,I11,F09
I11+P116,I11,F09
I11+P117,I11,F09
I11+P118,I11,F09
I11+P119,I11,F09
I11+P120,I11,F09
I11+P121,I11,F09
I11+P122,I11,F09
I11+P123,I11,F09
I11+P124,I11,F09
I11+P125,I11,F09
I11+P126,I11,F09
I11+P127,I11,F09
I12+P00,I12,F10
I12+P01,I12,F10
I12+P02,I12,F10
I12+P03,I12,F10
I12+P04,I12,F10
I12+P05,I12,F10
I12+P06,I12,F10
I12+P07,I12,F10
I12+P08,I12,F10
I12+P09,I12,F10
I12+P10,I12,F10
I12+P11,I12,F10
I12+P12,I12,F10
I12+P13,I12,F10
I12+P14,I12,F10
I12+P15,I12,F10
I12+P16,I12,F10
I12+P17,I12,F10
I12+P18,I12,F10
I12+P19,I12,F10
I12+P20,I12,F10
I12+P21,I12,F10
I12+P22,I12,F10
I12+P23,I12,F10
I12+P24,I12,F10
I12+P25,I12,F10
I12+P26,I12,F10
I12+P27,I12,F10
I12+P28,I12,F10
I12+P29,I12,F10
I12+P30,I12,F10
I12+P31,I12,F10
I12+P32,I12,F10
I12+P33,I12,F10
I12+P34,I12,F10
I12+P35,I12,F10
I12+P36,I12,F10
I12+P37,I12,F10
I12+P38,I12,F10
I12+P39,I12,F10
I12+P40,I12,F10
I12+P41,I12,F10
I12+P42,I12,F10
I12+P43,I12,F10
I12+P44,I12,F10
I12+P45,I12,F10
I12+P46,I12,F10
I12+P47,I12,F10
I12+P48,I12,F10
I12+P49,I12,F10
I12+P50,I12,F10
I12+P51,I12,F10
I12+P52,I12,F10
I12+P53,I12,F10
I12+P54,I12,F10
I12+P55,I12,F10
I12+P56,I12,F10
I12+P57,I12,F10
I12+P58,I12,F10
I12+P59,I12,F10
I12+P60,I12,F10
I12+P61,I12,F10
I12+P62,I12,F10
I12+P63,I12,F10
I12+P64,I12,F10
I12+P65,I12,F10
I12+P66,I12,F10
I12+P67,I12,F10
I12+P68,I12,F10
I12+P69,I12,F10
I12+P70,I12,F10
I12+P71,I12,F10
I12+P72,I12,F10
I12+P73,I12,F10
I12+P74,I12,F10
I12+P75,I12,F10
I12+P76,I12,F10
I12+P77,I12,F10
I12+P78,I12,F10
I12+P79,I12,F10
I12+P80,I12,F10
I12+P81,I12,F10
I12+P82,I12,F10
I12+P83,I12,F10
I12+P84,I12,F10
I12+P85,I12,F10
I12+P86,I12,F10
I12+P87,I12,F10
I12+P88,I12,F10
I12+P89,I12,F10
I12+P90,I12,F10
I12+P91,I12,F10
I12+P92,I12,F10
I12+P93,I12,F10
I12+P94,I12,F10
I12+P95,I12,F10
I12+P96,I12,F10
I12+P97,I12,F10
I12+P98,I12,F10
I12+P99,I12,F10
I12+P100,I12,F10
I12+P101,I12,F10
I12+P102,I12,F10
I12+P103,I12,F10
I12+P104,I12,F10
I12+P105,I12,F10
I12+P106,I12,F10
I12+P107,I12,F10
I12+P108,I12,F10
I12+P109,I12,F10
I12+P110,I12,F10
I12+P111,I12,F10
I12+P112,I12,F10
I12+P113,I12,F10
I12+P114,I12,F10
I12+P115,I12,F10
I12+P116,I12,F10
I12+P117,I12,F10
I12+P118,I12,F10
I12+P119,I12,F10
I12+P120,I12,F10
I12+P121,I12,F10
I12+P122,I12,F10
I12+P123,I12,F10
I12+P124,I12,F10
I13+P00,I13,F06-F11
I13+P01,I13,F06-F11
I13+P02,I13,F06-F11
I13+P03,I13,F06-F11
I13+P04,I13,F06-F11
I13+P05,I13,F06-F11
I13+P06,I13,F06-F11
I13+P07,I13,F06-F11
I13+P08,I13,F06-F11
I13+P09,I13,F06-F11
I13+P10,I13,F06-F11
I13+P11,I13,F06-F11
I13+P12,I13,F06-F11
I13+P13,I13,F06-F11
I13+P14,I13,F06-F11
I14+P00,I14,F10-F11
I14+P01,I14,F10-F11
I14+P02,I14,F10-F11
I14+P03,I14,F10-F11
I14+P04,I14,F10-F11
I14+P05,I14,F10-F11
I14+P06,I14,F10-F11
I14+P07,I14,F10-F11
I14+P08,I14,F10-F11
I14+P09,I14,F10-F11
I14+P10,I14,F10-F11
I14+P11,I14,F10-F11
I14+P12,I14,F10-F11
I14+P13,I14,F10-F11
I14+P14,I14,F10-F11
I14+P15,I14,F10-F11
I14+P16,I14,F10-F11
I14+P17,I14,F10-F11
I14+P18,I14,F10-F11
I15+P00,I15,F11
I15+P01,I15,F11
I15+P02,I15,F11
I15+P03,I15,F11
I15+P04,I15,F11
I15+P05,I15,F11
I15+P06,I15,F11
I15+P07,I15,F11
I15+P08,I15,F11
I15+P09,I15,F11
I15+P10,I15,F11
I15+P11,I15,F11
I15+P12,I15,F11
I15+P13,I15,F11
I15+P14,I15,F11
I15+P15,I15,F11
I15+P16,I15,F11
I15+P17,I15,F11
I15+P18,I15,F11
I15+P19,I15,F11
I15+P20,I15,F11
I15+P21,I15,F11
I15+P22,I15,F11
I15+P23,I15,F11
I15+P24,I15,F11
I15+P25,I15,F11
I15+P26,I15,F11
I15+P27,I15,F11
I15+P28,I15,F11
I15+P29,I15,F11
I15+P30,I15,F11
I15+P31,I15,F11
I15+P32,I15,F11
I15+P33,I15,F11
I15+P34,I15,F11
I15+P35,I15,F11
I15+P36,I15,F11
I15+P37,I15,F11
I15+P38,I15,F11
I15+P39,I15,F11
I15+P40,I15,F11
I15+P41,I15,F11
I15+P42,I15,F11
I15+P43,I15,F11
I15+P44,I15,F11
I15+P45,I15,F11
I15+P46,I15,F11
I15+P47,I15,F11
I15+P48,I15,F11
I15+P49,I15,F11
I15+P50,I15,F11
I15+P51,I15,F11
I15+P52,I15,F11
I15+P53,I15,F11
I15+P54,I15,F11
I15+P55,I15,F11
I15+P56,I15,F11
I15+P57,I15,F11
I15+P58,I15,F11
I15+P59,I15,F11
I15+P60,I15,F11
I15+P61,I15,F11
I15+P62,I15,F11
I15+P63,I15,F11
I15+P64,I15,F11
I15+P65,I15,F11
I15+P66,I15,F11
I15+P67,I15,F11
I15+P68,I15,F11
I15+P69,I15,F11
I15+P70,I15,F11
I15+P71,I15,F11
I15+P72,I15,F11
I15+P73,I15,F11
I15+P74,I15,F11
I15+P75,I15,F11
I15+P76,I15,F11
I15+P77,I15,F11
I15+P78,I15,F11
I15+P79,I15,F11
I15+P80,I15,F11
I15+P81,I15,F11
I15+P82,I15,F11
I15+P83,I15,F11
I15+P84,I15,F11
I15+P85,I15,F11
I15+P86,I15,F11
I15+P87,I15,F11
I15+P88,I15,F11
I15+P89,I15,F11
I15+P90,I15,F11
I15+P91,I15,F11
I15+P92,I15,F11
I15+P93,I15,F11
I15+P94,I15,F11
I15+P95,I15,F11
I15+P96,I15,F11
I15+P97,I15,F11
I15+P98,I15,F11
I15+P99,I15,F11
I15+P100,I15,F11
I15+P101,I15,F11
I15+P102,I15,F11
I15+P103,I15,F11
I15+P104,I15,F11
I15+P105,I15,F11
I15+P106,I15,F11
I15+P107,I15,F11
I15+P108,I15,F11
I15+P109,I15,F11
I15+P110,I15,F11
I15+P111,I15,F11
I15+P112,I15,F11
I15+P113,I15,F11
I15+P114,I15,F11
I15+P115,I15,F11
I15+P116,I15,F11
I15+P117,I15,F11
I15+P118,I15,F11
I15+P119,I15,F11
I15+P120,I15,F11
I15+P121,I15,F11
I15+P122,I15,F11
I15+P123,I15,F11
I15+P124,I15,F11
I15+P125,I15,F11
I16+P00,I16,F12
I16+P01,I16,F12
I16+P02,I16,F12
I16+P03,I16,F12
I16+P04,I16,F12
I16+P05,I16,F12
I16+P06,I16,F12
I16+P07,I16,F12
I16+P08,I16,F12
I16+P09,I16,F12
I16+P10,I16,F12
I16+P11,I16,F12
I16+P12,I16,F12
I16+P13,I16,F12
I16+P14,I16,F12
I16+P15,I16,F12
I16+P16,I16,F12
I16+P17,I16,F12
I16+P18,I16,F12
I16+P19,I16,F12
I16+P20,I16,F12
I16+P21,I16,F12
I16+P22,I16,F12
I16+P23,I16,F12
I16+P24,I16,F12
I16+P25,I16,F12
I16+P26,I16,F12
I16+P27,I16,F12
I16+P28,I16,F12
I16+P29,I16,F12
I16+P30,I16,F12
I16+P31,I16,F12
I16+P32,I16,F12
I16+P33,I16,F12
I16+P34,I16,F12
I16+P35,I16,F12
I16+P36,I16,F12
I16+P37,I16,F12
I16+P38,I16,F12
I16+P39,I16,F12
I16+P40,I16,F12
I16+P41,I16,F12
I16+P42,I16,F12
I16+P43,I16,F12
I16+P44,I16,F12
I16+P45,I16,F12
I16+P46,I16,F12
I16+P47,I16,F12
I16+P48,I16,F12
I16+P49,I16,F12
I16+P50,I16,F12
I16+P51,I16,F12
I16+P52,I16,F12
I16+P53,I16,F12
I16+P54,I16,F12
I16+P55,I16,F12
I16+P56,I16,F12
I16+P57,I16,F12
I16+P58,I16,F12
I16+P59,I16,F12
I16+P60,I16,F12
I16+P61,I16,F12
I16+P62,I16,F12
I16+P63,I16,F12
I16+P64,I16,F12
I16+P65,I16,F12
I16+P66,I16,F12
I16+P67,I16,F12
I16+P68,I16,F12
I16+P69,I16,F12
I16+P70,I16,F12
I16+P71,I16,F12
I16+P72,I16,F12
I16+P73,I16,F12
I16+P74,I16,F12
I16+P75,I16,F12
I16+P76,I16,F12
I16+P77,I16,F12
I16+P78,I16,F12
I16+P79,I16,F12
I16+P80,I16,F12
I16+P81,I16,F12
I16+P82,I16,F12
I16+P83,I16,F12
I16+P84,I16,F12
I16+P85,I16,F12
I16+P86,I16,F12
I16+P87,I16,F12
I16+P88,I16,F12
I16+P89,I16,F12
I16+P90,I16,F12
I16+P91,I16,F12
I16+P92,I16,F12
I16+P93,I16,F12
I16+P94,I16,F12
I16+P95,I16,F12
I16+P96,I16,F12
I16+P97,I16,F12
I16+P98,I16,F12
I16+P99,I16,F12
I16+P100,I16,F12
I16+P101,I16,F12
I16+P102,I16,F12
I16+P103,I16,F12
I16+P104,I16,F12
I16+P105,I16,F12
I16+P106,I16,F12
I16+P107,I16,F12
I16+P108,I16,F12
I16+P109,I16,F12
I16+P110,I16,F12
I16+P111,I16,F12
I16+P112,I16,F12
I16+P113,I16,F12
I16+P114,I16,F12
I16+P115,I16,F12
I16+P116,I16,F12
I16+P117,I16,F12
I16+P118,I16,F12
I16+P119,I16,F12
I16+P120,I16,F12
I16+P121,I16,F12
I16+P122,I16,F12
I16+P123,I16,F12
I16+P124,I16,F12
I16+P125,I16,F12
I16+P126,I16,F12
I16+P127,I16,F12
I16+P128,I16,F12
I16+P129,I16,F12
I16+P130,I16,F12
I16+P131,I16,F12
I16+P132,I16,F12
I16+P133,I16,F12
I16+P134,I16,F12
I16+P135,I16,F12
I16+P136,I16,F12
I16+P137,I16,F12
I16+P138,I16,F12
I16+P139,I16,F12
I16+P140,I16,F12
I17+P00,I17,F12-F13
I17+P01,I17,F12-F13
I17+P02,I17,F12-F13
I17+P03,I17,F12-F13
I17+P04,I17,F12-F13
I17+P05,I17,F12-F13
I17+P06,I17,F12-F13
I17+P07,I17,F12-F13
I17+P08,I17,F12-F13
I17+P09,I17,F12-F13
I17+P10,I17,F12-F13
I17+P11,I17,F12-F13
I17+P12,I17,F12-F13
I17+P13,I17,F12-F13
I17+P14,I17,F12-F13
I17+P15,I17,F12-F13
I17+P16,I17,F12-F13
I17+P17,I17,F12-F13
I17+P18,I17,F12-F13
I18+P00,I18,F13
I18+P01,I18,F13
I18+P02,I18,F13
I18+P03,I18,F13
I18+P04,I18,F13
I18+P05,I18,F13
I18+P06,I18,F13
I18+P07,I18,F13
I18+P08,I18,F13
I18+P09,I18,F13
I18+P10,I18,F13
I18+P11,I18,F13
I18+P12,I18,F13
I18+P13,I18,F13
I18+P14,I18,F13
I18+P15,I18,F13
I18+P16,I18,F13
I18+P17,I18,F13
I18+P18,I18,F13
I18+P19,I18,F13
I18+P20,I18,F13
I18+P21,I18,F13
I18+P22,I18,F13
I18+P23,I18,F13
I18+P24,I18,F13
I18+P25,I18,F13
I18+P26,I18,F13
I18+P27,I18,F13
I18+P28,I18,F13
I18+P29,I18,F13
I18+P30,I18,F13
I18+P31,I18,F13
I18+P32,I18,F13
I18+P33,I18,F13
I18+P34,I18,F13
I18+P35,I18,F13
I18+P36,I18,F13
I18+P37,I18,F13
I18+P38,I18,F13
I18+P39,I18,F13
I18+P40,I18,F13
I18+P41,I18,F13
I18+P42,I18,F13
I18+P43,I18,F13
I18+P44,I18,F13
I18+P45,I18,F13
I18+P46,I18,F13
I18+P47,I18,F13
I18+P48,I18,F13
I18+P49,I18,F13
I18+P50,I18,F13
I18+P51,I18,F13
I18+P52,I18,F13
I18+P53,I18,F13
I18+P54,I18,F13
I18+P55,I18,F13
I18+P56,I18,F13
I18+P57,I18,F13
I18+P58,I18,F13
I18+P59,I18,F13
I18+P60,I18,F13
I18+P61,I18,F13
I18+P62,I18,F13
I18+P63,I18,F13
I18+P64,I18,F13
I18+P65,I18,F13
I18+P66,I18,F13
I18+P67,I18,F13
I18+P68,I18,F13
I18+P69,I18,F13
I18+P70,I18,F13
I18+P71,I18,F13
I18+P72,I18,F13
I18+P73,I18,F13
I18+P74,I18,F13
I18+P75,I18,F13
I18+P76,I18,F13
I18+P77,I18,F13
I18+P78,I18,F13
I18+P79,I18,F13
I18+P80,I18,F13
I18+P81,I18,F13
I18+P82,I18,F13
I18+P83,I18,F13
I18+P84,I18,F13
I18+P85,I18,F13
I18+P86,I18,F13
I18+P87,I18,F13
I18+P88,I18,F13
I18+P89,I18,F13
I18+P90,I18,F13
I18+P91,I18,F13
I18+P92,I18,F13
I18+P93,I18,F13
I18+P94,I18,F13
I18+P95,I18,F13
I18+P96,I18,F13
I18+P97,I18,F13
I18+P98,I18,F13
I18+P99,I18,F13
I18+P100,I18,F13
I18+P101,I18,F13
I18+P102,I18,F13
I18+P103,I18,F13
I18+P104,I18,F13
I18+P105,I18,F13
I18+P106,I18,F13
I18+P107,I18,F13
I18+P108,I18,F13
I18+P109,I18,F13
I18+P110,I18,F13
I18+P111,I18,F13
I18+P112,I18,F13
I18+P113,I18,F13
I18+P114,I18,F13
I18+P115,I18,F13
I18+P116,I18,F13
I18+P117,I18,F13
I18+P118,I18,F13
I18+P119,I18,F13
I18+P120,I18,F13
I18+P121,I18,F13
I18+P122,I18,F13
I18+P123,I18,F13
I18+P124,I18,F13
I19+P00,I19,F14
I19+P01,I19,F14
I19+P02,I19,F14
I19+P03,I19,F14
I19+P04,I19,F14
I19+P05,I19,F14
I19+P06,I19,F14
I19+P07,I19,F14
I19+P08,I19,F14
I19+P09,I19,F14
I19+P10,I19,F14
I19+P11,I19,F14
I19+P12,I19,F14
I19+P13,I19,F14
I19+P14,I19,F14
I19+P15,I19,F14
I19+P16,I19,F14
I19+P17,I19,F14
I19+P18,I19,F14
I19+P19,I19,F14
I19+P20,I19,F14
I19+P21,I19,F14
I19+P22,I19,F14
I19+P23,I19,F14
I19+P24,I19,F14
I19+P25,I19,F14
I19+P26,I19,F14
I19+P27,I19,F14
I19+P28,I19,F14
I19+P29,I19,F14
I19+P30,I19,F14
I19+P31,I19,F14
I19+P32,I19,F14
I19+P33,I19,F14
I19+P34,I19,F14
I19+P35,I19,F14
I19+P36,I19,F14
I19+P37,I19,F14
I19+P38,I19,F14
I19+P39,I19,F14
I19+P40,I19,F14
I19+P41,I19,F14
I19+P42,I19,F14
I19+P43,I19,F14
I19+P44,I19,F14
I19+P45,I19,F14
I19+P46,I19,F14
I19+P47,I19,F14
I19+P48,I19,F14
I19+P49,I19,F14
I19+P50,I19,F14
I19+P51,I19,F14
I19+P52,I19,F14
I19+P53,I19,F14
I19+P54,I19,F14
I19+P55,I19,F14
I19+P56,I19,F14
I19+P57,I19,F14
I19+P58,I19,F14
I19+P59,I19,F14
I19+P60,I19,F14
I19+P61,I19,F14
I19+P62,I19,F14
I19+P63,I19,F14
I19+P64,I19,F14
I19+P65,I19,F14
I19+P66,I19,F14
I19+P67,I19,F14
I19+P68,I19,F14
I19+P69,I19,F14
I19+P70,I19,F14
I19+P71,I19,F14
I19+P72,I19,F14
I19+P73,I19,F14
I19+P74,I19,F14
I19+P75,I19,F14
I19+P76,I19,F14
I19+P77,I19,F14
I19+P78,I19,F14
I19+P79,I19,F14
I19+P80,I19,F14
I19+P81,I19,F14
I19+P82,I19,F14
I19+P83,I19,F14
I19+P84,I19,F14
I19+P85,I19,F14
I19+P86,I19,F14
I19+P87,I19,F14
I19+P88,I19,F14
I19+P89,I19,F14
I19+P90,I19,F14
I19+P91,I19,F14
I19+P92,I19,F14
I19+P93,I19,F14
I19+P94,I19,F14
I19+P95,I19,F14
I19+P96,I19,F14
I19+P97,I19,F14
I19+P98,I19,F14
I19+P99,I19,F14
I20+P00,I20,F01-F15
I20+P01,I20,F01-F15
I20+P02,I20,F01-F15
I20+P03,I20,F01-F15
I20+P04,I20,F01-F15
I20+P05,I20,F01-F15
I20+P06,I20,F01-F15
I20+P07,I20,F01-F15
I20+P08,I20,F01-F15
I20+P09,I20,F01-F15
I21+P00,I21,F14-F15
I21+P01,I21,F14-F15
I21+P02,I21,F14-F15
I21+P03,I21,F14-F15
I21+P04,I21,F14-F15
I21+P05,I21,F14-F15
I21+P06,I21,F14-F15
I21+P07,I21,F14-F15
I21+P08,I21,F14-F15
I21+P09,I21,F14-F15
I21+P10,I21,F14-F15
I21+P11,I21,F14-F15
I21+P12,I21,F14-F15
I21+P13,I21,F14-F15
I21+P14,I21,F14-F15
I22+P00,I22,F15
I22+P01,I22,F15
I22+P02,I22,F15
I22+P03,I22,F15
I22+P04,I22,F15
I22+P05,I22,F15
I22+P06,I22,F15
I22+P07,I22,F15
I22+P08,I22,F15
I22+P09,I22,F15
I22+P10,I22,F15
I22+P11,I22,F15
I22+P12,I22,F15
I22+P13,I22,F15
I22+P14,I22,F15
I22+P15,I22,F15
I22+P16,I22,F15
I22+P17,I22,F15
I22+P18,I22,F15
I22+P19,I22,F15
I22+P20,I22,F15
I22+P21,I22,F15
I22+P22,I22,F15
I22+P23,I22,F15
I22+P24,I22,F15
I22+P25,I22,F15
I22+P26,I22,F15
I22+P27,I22,F15
I22+P28,I22,F15
I22+P29,I22,F15
I22+P30,I22,F15
I22+P31,I22,F15
I22+P32,I22,F15
I22+P33,I22,F15
I22+P34,I22,F15
I22+P35,I22,F15
I22+P36,I22,F15
I22+P37,I22,F15
I22+P38,I22,F15
I22+P39,I22,F15
I22+P40,I22,F15
I22+P41,I22,F15
I22+P42,I22,F15
I22+P43,I22,F15
I22+P44,I22,F15
I22+P45,I22,F15
I22+P46,I22,F15
I22+P47,I22,F15
I22+P48,I22,F15
I22+P49,I22,F15
I22+P50,I22,F15
I22+P51,I22,F15
I22+P52,I22,F15
I22+P53,I22,F15
I22+P54,I22,F15
I22+P55,I22,F15
I22+P56,I22,F15
I22+P57,I22,F15
I22+P58,I22,F15
I22+P59,I22,F15
I22+P60,I22,F15
I22+P61,I22,F15
I22+P62,I22,F15
I22+P63,I22,F15
I22+P64,I22,F15
I22+P65,I22,F15
I22+P66,I22,F15
I22+P67,I22,F15
I22+P68,I22,F15
I22+P69,I22,F15
I22+P70,I22,F15
I22+P71,I22,F15
I22+P72,I22,F15
I22+P73,I22,F15
I22+P74,I22,F15
I22+P75,I22,F15
I22+P76,I22,F15
I22+P77,I22,F15
I22+P78,I22,F15
I22+P79,I22,F15
I22+P80,I22,F15
I22+P81,I22,F15
I22+P82,I22,F15
I22+P83,I22,F15
I22+P84,I22,F15
I22+P85,I22,F15
I22+P86,I22,F15
I22+P87,I22,F15
I22+P88,I22,F15
I22+P89,I22,F15
I22+P90,I22,F15
I22+P91,I22,F15
I22+P92,I22,F15
I22+P93,I22,F15
I22+P94,I22,F15
I22+P95,I22,F15
I22+P96,I22,F15
I22+P97,I22,F15
I22+P98,I22,F15
I22+P99,I22,F15
I22+P100,I22,F15
I22+P101,I22,F15
I22+P102,I22,F15
I23+P00,I23,F13-F16
I23+P01,I23,F13-F16
I23+P02,I23,F13-F16
I23+P03,I23,F13-F16
I23+P04,I23,F13-F16
I23+P05,I23,F13-F16
I23+P06,I23,F13-F16
I23+P07,I23,F13-F16
I23+P08,I23,F13-F16
I23+P09,I23,F13-F16
I23+P10,I23,F13-F16
I23+P11,I23,F13-F16
I23+P12,I23,F13-F16
I23+P13,I23,F13-F16
I23+P14,I23,F13-F16
I23+P15,I23,F13-F16
I24+P00,I24,F16
I24+P01,I24,F16
I24+P02,I24,F16
I24+P03,I24,F16
I24+P04,I24,F16
I24+P05,I24,F16
I24+P06,I24,F16
I24+P07,I24,F16
I24+P08,I24,F16
I24+P09,I24,F16
I24+P10,I24,F16
I24+P11,I24,F16
I24+P12,I24,F16
I24+P13,I24,F16
I24+P14,I24,F16
I24+P15,I24,F16
I24+P16,I24,F16
I24+P17,I24,F16
I24+P18,I24,F16
I24+P19,I24,F16
I24+P20,I24,F16
I24+P21,I24,F16
I24+P22,I24,F16
I24+P23,I24,F16
I24+P24,I24,F16
I24+P25,I24,F16
I24+P26,I24,F16
I24+P27,I24,F16
I24+P28,I24,F16
I24+P29,I24,F16
I24+P30,I24,F16
I24+P31,I24,F16
I24+P32,I24,F16
I24+P33,I24,F16
I24+P34,I24,F16
I24+P35,I24,F16
I24+P36,I24,F16
I24+P37,I24,F16
I24+P38,I24,F16
I24+P39,I24,F16
I24+P40,I24,F16
I24+P41,I24,F16
I24+P42,I24,F16
I24+P43,I24,F16
I24+P44,I24,F16
I24+P45,I24,F16
I24+P46,I24,F16
I24+P47,I24,F16
I24+P48,I24,F16
I24+P49,I24,F16
I24+P50,I24,F16
I24+P51,I24,F16
I24+P52,I24,F16
I24+P53,I24,F16
I24+P54,I24,F16
I24+P55,I24,F16
I24+P56,I24,F16
I24+P57,I24,F16
I24+P58,I24,F16
I24+P59,I24,F16
I24+P60,I24,F16
I24+P61,I24,F16
I24+P62,I24,F16
I24+P63,I24,F16
I24+P64,I24,F16
I24+P65,I24,F16
I24+P66,I24,F16
I24+P67,I24,F16
I24+P68,I24,F16
I24+P69,I24,F16
I24+P70,I24,F16
I24+P71,I24,F16
I24+P72,I24,F16
I24+P73,I24,F16
I24+P74,I24,F16
I24+P75,I24,F16
I24+P76,I24,F16
I24+P77,I24,F16
I24+P78,I24,F16
I24+P79,I24,F16
I24+P80,I24,F16
I24+P81,I24,F16
I24+P82,I24,F16
I24+P83,I24,F16
I24+P84,I24,F16
I24+P85,I24,F16
I24+P86,I24,F16
I24+P87,I24,F16
I24+P88,I24,F16
I24+P89,I24,F16
I24+P90,I24,F16
I24+P91,I24,F16
I24+P92,I24,F16
I24+P93,I24,F16
I24+P94,I24,F16
I24+P95,I24,F16
I24+P96,I24,F16
I24+P97,I24,F16
I24+P98,I24,F16
I24+P99,I24,F16
I24+P100,I24,F16
I24+P101,I24,F16
I24+P102,I24,F16
I24+P103,I24,F16
I24+P104,I24,F16
I24+P105,I24,F16
I24+P106,I24,F16
I24+P107,I24,F16
I24+P108,I24,F16
I24+P109,I24,F16
I24+P110,I24,F16
I24+P111,I24,F16
I25+P00,I25,F17
I25+P01,I25,F17
I25+P02,I25,F17
I25+P03,I25,F17
I25+P04,I25,F17
I25+P05,I25,F17
I25+P06,I25,F17
I25+P07,I25,F17
I25+P08,I25,F17
I25+P09,I25,F17
I25+P10,I25,F17
I25+P11,I25,F17
I25+P12,I25,F17
I25+P13,I25,F17
I25+P14,I25,F17
I25+P15,I25,F17
I25+P16,I25,F17
I25+P17,I25,F17
I25+P18,I25,F17
I25+P19,I25,F17
I25+P20,I25,F17
I25+P21,I25,F17
I25+P22,I25,F17
I25+P23,I25,F17
I25+P24,I25,F17
I25+P25,I25,F17
I25+P26,I25,F17
I25+P27,I25,F17
I25+P28,I25,F17
I25+P29,I25,F17
I25+P30,I25,F17
I25+P31,I25,F17
I25+P32,I25,F17
I25+P33,I25,F17
I25+P34,I25,F17
I25+P35,I25,F17
I25+P36,I25,F17
I25+P37,I25,F17
I25+P38,I25,F17
I25+P39,I25,F17
I25+P40,I25,F17
I25+P41,I25,F17
I25+P42,I25,F17
I25+P43,I25,F17
I25+P44,I25,F17
I25+P45,I25,F17
I25+P46,I25,F17
I25+P47,I25,F17
I25+P48,I25,F17
I25+P49,I25,F17
I25+P50,I25,F17
I25+P51,I25,F17
I25+P52,I25,F17
I25+P53,I25,F17
I25+P54,I25,F17
I25+P55,I25,F17
I25+P56,I25,F17
I25+P57,I25,F17
I25+P58,I25,F17
I25+P59,I25,F17
I25+P60,I25,F17
I25+P61,I25,F17
I25+P62,I25,F17
I25+P63,I25,F17
I25+P64,I25,F17
I25+P65,I25,F17
I25+P66,I25,F17
I25+P67,I25,F17
I25+P68,I25,F17
I25+P69,I25,F17
I25+P70,I25,F17
I25+P71,I25,F17
I25+P72,I25,F17
I25+P73,I25,F17
I25+P74,I25,F17
I25+P75,I25,F17
I25+P76,I25,F17
I25+P77,I25,F17
I25+P78,I25,F17
I25+P79,I25,F17
I25+P80,I25,F17
I25+P81,I25,F17
I25+P82,I25,F17
I25+P83,I25,F17
I25+P84,I25,F17
I25+P85,I25,F17
I25+P86,I25,F17
I25+P87,I25,F17
I25+P88,I25,F17
I25+P89,I25,F17
I25+P90,I25,F17
I25+P91,I25,F17
I25+P92,I25,F17
I25+P93,I25,F17
I25+P94,I25,F17
I25+P95,I25,F17
I25+P96,I25,F17
I25+P97,I25,F17
I25+P98,I25,F17
I25+P99,I25,F17
I25+P100,I25,F17
I25+P101,I25,F17
I25+P102,I25,F17
I25+P103,I25,F17
I25+P104,I25,F17
I25+P105,I25,F17
I25+P106,I25,F17
I25+P107,I25,F17
I25+P108,I25,F17
I25+P109,I25,F17
I25+P110,I25,F17
I25+P111,I25,F17
I25+P112,I25,F17
I25+P113,I25,F17
I25+P114,I25,F17
I25+P115,I25,F17
I25+P116,I25,F17
I25+P117,I25,F17
I25+P118,I25,F17
I25+P119,I25,F17
I25+P120,I25,F17
I25+P121,I25,F17
I25+P122,I25,F17
I25+P123,I25,F17
I25+P124,I25,F17
I25+P125,I25,F17
I25+P126,I25,F17
I25+P127,I25,F17
I25+P128,I25,F17
I25+P129,I25,F17
I25+P130,I25,F17
I25+P131,I25,F17
I25+P132,I25,F17
I25+P133,I25,F17
I25+P134,I25,F17
I25+P135,I25,F17
I25+P136,I25,F17
I25+P137,I25,F17
I25+P138,I25,F17
I25+P139,I25,F17
I25+P140,I25,F17
I25+P141,I25,F17
I25+P142,I25,F17
I25+P143,I25,F17
I25+P144,I25,F17
I25+P145,I25,F17
I25+P146,I25,F17
I25+P147,I25,F17
I25+P148,I25,F17
I25+P149,I25,F17
I25+P150,I25,F17
I25+P151,I25,F17
I25+P152,I25,F17
I25+P153,I25,F17
I25+P154,I25,F17
I25+P155,I25,F17
I25+P156,I25,F17
I25+P157,I25,F17
I25+P158,I25,F17
I25+P159,I25,F17
I26+P00,I26,F18
I26+P01,I26,F18
I26+P02,I26,F18
I26+P03,I26,F18
I26+P04,I26,F18
I26+P05,I26,F18
I26+P06,I26,F18
I26+P07,I26,F18
I26+P08,I26,F18
I26+P09,I26,F18
I26+P10,I26,F18
I26+P11,I26,F18
I26+P12,I26,F18
I26+P13,I26,F18
I26+P14,I26,F18
I26+P15,I26,F18
I26+P16,I26,F18
I26+P17,I26,F18
I26+P18,I26,F18
I26+P19,I26,F18
I26+P20,I26,F18
I26+P21,I26,F18
I26+P22,I26,F18
I26+P23,I26,F18
I26+P24,I26,F18
I26+P25,I26,F18
I26+P26,I26,F18
I26+P27,I26,F18
I26+P28,I26,F18
I26+P29,I26,F18
I26+P30,I26,F18
I26+P31,I26,F18
I26+P32,I26,F18
I26+P33,I26,F18
I26+P34,I26,F18
I26+P35,I26,F18
I26+P36,I26,F18
I26+P37,I26,F18
I26+P38,I26,F18
I26+P39,I26,F18
I26+P40,I26,F18
I26+P41,I26,F18
I26+P42,I26,F18
I26+P43,I26,F18
I26+P44,I26,F18
I26+P45,I26,F18
I26+P46,I26,F18
I26+P47,I26,F18
I26+P48,I26,F18
I26+P49,I26,F18
I26+P50,I26,F18
I26+P51,I26,F18
I26+P52,I26,F18
I26+P53,I26,F18
I26+P54,I26,F18
I26+P55,I26,F18
I26+P56,I26,F18
I26+P57,I26,F18
I26+P58,I26,F18
I26+P59,I26,F18
I26+P60,I26,F18
I26+P61,I26,F18
I26+P62,I26,F18
I26+P63,I26,F18
I26+P64,I26,F18
I26+P65,I26,F18
I26+P66,I26,F18
I26+P67,I26,F18
I26+P68,I26,F18
I26+P69,I26,F18
I26+P70,I26,F18
I26+P71,I26,F18
I26+P72,I26,F18
I26+P73,I26,F18
I26+P74,I26,F18
I26+P75,I26,F18
I26+P76,I26,F18
I26+P77,I26,F18
I26+P78,I26,F18
I26+P79,I26,F18
I26+P80,I26,F18
I26+P81,I26,F18
I26+P82,I26,F18
I26+P83,I26,F18
I26+P84,I26,F18
I26+P85,I26,F18
I26+P86,I26,F18
I26+P87,I26,F18
I26+P88,I26,F18
I26+P89,I26,F18
I26+P90,I26,F18
I26+P91,I26,F18
I26+P92,I26,F18
I26+P93,I26,F18
I26+P94,I26,F18
I26+P95,I26,F18
I26+P96,I26,F18
I26+P97,I26,F18
I26+P98,I26,F18
I26+P99,I26,F18
I26+P100,I26,F18
I26+P101,I26,F18
I26+P102,I26,F18
I26+P103,I26,F18
I26+P104,I26,F18
I26+P105,I26,F18
I26+P106,I26,F18
I26+P107,I26,F18
I26+P108,I26,F18
I26+P109,I26,F18
I26+P110,I26,F18
I26+P111,I26,F18
I26+P112,I26,F18
I26+P113,I26,F18
I26+P114,I26,F18
I26+P115,I26,F18
I26+P116,I26,F18
I26+P117,I26,F18
I26+P118,I26,F18
I26+P119,I26,F18
I26+P120,I26,F18
I26+P121,I26,F18
I26+P122,I26,F18
I26+P123,I26,F18
I26+P124,I26,F18
I26+P125,I26,F18
I26+P126,I26,F18
I26+P127,I26,F18
I26+P128,I26,F18
I26+P129,I26,F18
I26+P130,I26,F18
I26+P131,I26,F18
I26+P132,I26,F18
I26+P133,I26,F18
I26+P134,I26,F18
I26+P135,I26,F18
I26+P136,I26,F18
I26+P137,I26,F18
I26+P138,I26,F18
I26+P139,I26,F18
I26+P140,I26,F18
I27+P00,I27,F07-F19
I27+P01,I27,F07-F19
I27+P02,I27,F07-F19
I27+P03,I27,F07-F19
I27+P04,I27,F07-F19
I27+P05,I27,F07-F19
I27+P06,I27,F07-F19
I27+P07,I27,F07-F19
I27+P08,I27,F07-F19
I27+P09,I27,F07-F19
I27+P10,I27,F07-F19
I27+P11,I27,F07-F19
I27+P12,I27,F07-F19
I27+P13,I27,F07-F19
I27+P14,I27,F07-F19
I28+P00,I28,F18-F19
I28+P01,I28,F18-F19
I28+P02,I28,F18-F19
I28+P03,I28,F18-F19
I28+P04,I28,F18-F19
I28+P05,I28,F18-F19
I28+P06,I28,F18-F19
I28+P07,I28,F18-F19
I28+P08,I28,F18-F19
I28+P09,I28,F18-F19
I28+P10,I28,F18-F19
I28+P11,I28,F18-F19
I28+P12,I28,F18-F19
I28+P13,I28,F18-F19
I28+P14,I28,F18-F19
I28+P15,I28,F18-F19
I28+P16,I28,F18-F19
I28+P17,I28,F18-F19
I28+P18,I28,F18-F19
I29+P00,I29,F19
I29+P01,I29,F19
I29+P02,I29,F19
I29+P03,I29,F19
I29+P04,I29,F19
I29+P05,I29,F19
I29+P06,I29,F19
I29+P07,I29,F19
I29+P08,I29,F19
I29+P09,I29,F19
I29+P10,I29,F19
I29+P11,I29,F19
I29+P12,I29,F19
I29+P13,I29,F19
I29+P14,I29,F19
I29+P15,I29,F19
I29+P16,I29,F19
I29+P17,I29,F19
I29+P18,I29,F19
I29+P19,I29,F19
I29+P20,I29,F19
I29+P21,I29,F19
I29+P22,I29,F19
I29+P23,I29,F19
I29+P24,I29,F19
I29+P25,I29,F19
I29+P26,I29,F19
I29+P27,I29,F19
I29+P28,I29,F19
I29+P29,I29,F19
I29+P30,I29,F19
I29+P31,I29,F19
I29+P32,I29,F19
I29+P33,I29,F19
I29+P34,I29,F19
I29+P35,I29,F19
I29+P36,I29,F19
I29+P37,I29,F19
I29+P38,I29,F19
I29+P39,I29,F19
I29+P40,I29,F19
I29+P41,I29,F19
I29+P42,I29,F19
I29+P43,I29,F19
I29+P44,I29,F19
I29+P45,I29,F19
I29+P46,I29,F19
I29+P47,I29,F19
I29+P48,I29,F19
I29+P49,I29,F19
I29+P50,I29,F19
I29+P51,I29,F19
I29+P52,I29,F19
I29+P53,I29,F19
I29+P54,I29,F19
I29+P55,I29,F19
I29+P56,I29,F19
I29+P57,I29,F19
I29+P58,I29,F19
I29+P59,I29,F19
I29+P60,I29,F19
I29+P61,I29,F19
I29+P62,I29,F19
I29+P63,I29,F19
I29+P64,I29,F19
I29+P65,I29,F19
I29+P66,I29,F19
I29+P67,I29,F19
I29+P68,I29,F19
I29+P69,I29,F19
I29+P70,I29,F19
I29+P71,I29,F19
I29+P72,I29,F19
I29+P73,I29,F19
I29+P74,I29,F19
I29+P75,I29,F19
I29+P76,I29,F19
I29+P77,I29,F19
I29+P78,I29,F19
I29+P79,I29,F19
I29+P80,I29,F19
I29+P81,I29,F19
I29+P82,I29,F19
I29+P83,I29,F19
I29+P84,I29,F19
I29+P85,I29,F19
I29+P86,I29,F19
I29+P87,I29,F19
I29+P88,I29,F19
I29+P89,I29,F19
I29+P90,I29,F19
I29+P91,I29,F19
I29+P92,I29,F19
I29+P93,I29,F19
I29+P94,I29,F19
I29+P95,I29,F19
I29+P96,I29,F19
I29+P97,I29,F19
I29+P98,I29,F19
I29+P99,I29,F19
I29+P100,I29,F19
I29+P101,I29,F19
I29+P102,I29,F19
I29+P103,I29,F19
I29+P104,I29,F19
I29+P105,I29,F19
I29+P106,I29,F19
I29+P107,I29,F19
I29+P108,I29,F19
I29+P109,I29,F19
I29+P110,I29,F19
I29+P111,I29,F19
I29+P112,I29,F19
I29+P113,I29,F19
I29+P114,I29,F19
I29+P115,I29,F19
I29+P116,I29,F19
I29+P117,I29,F19
I29+P118,I29,F19
I29+P119,I29,F19
I29+P120,I29,F19
I29+P121,I29,F19
I29+P122,I29,F19
I29+P123,I29,F19
I29+P124,I29,F19
I29+P125,I29,F19
I30+P00,I30,F20
I30+P01,I30,F20
I30+P02,I30,F20
I30+P03,I30,F20
I30+P04,I30,F20
I30+P05,I30,F20
I30+P06,I30,F20
I30+P07,I30,F20
I30+P08,I30,F20
I30+P09,I30,F20
I30+P10,I30,F20
I30+P11,I30,F20
I30+P12,I30,F20
I30+P13,I30,F20
I30+P14,I30,F20
I30+P15,I30,F20
I30+P16,I30,F20
I30+P17,I30,F20
I30+P18,I30,F20
I30+P19,I30,F20
I30+P20,I30,F20
I30+P21,I30,F20
I30+P22,I30,F20
I30+P23,I30,F20
I30+P24,I30,F20
I30+P25,I30,F20
I30+P26,I30,F20
I30+P27,I30,F20
I30+P28,I30,F20
I30+P29,I30,F20
I30+P30,I30,F20
I30+P31,I30,F20
I30+P32,I30,F20
I30+P33,I30,F20
I30+P34,I30,F20
I30+P35,I30,F20
I30+P36,I30,F20
I30+P37,I30,F20
I30+P38,I30,F20
I30+P39,I30,F20
I30+P40,I30,F20
I30+P41,I30,F20
I30+P42,I30,F20
I30+P43,I30,F20
I30+P44,I30,F20
I30+P45,I30,F20
I30+P46,I30,F20
I30+P47,I30,F20
I30+P48,I30,F20
I30+P49,I30,F20
I30+P50,I30,F20
I30+P51,I30,F20
I30+P52,I30,F20
I30+P53,I30,F20
I30+P54,I30,F20
I30+P55,I30,F20
I30+P56,I30,F20
I30+P57,I30,F20
I30+P58,I30,F20
I30+P59,I30,F20
I30+P60,I30,F20
I30+P61,I30,F20
I30+P62,I30,F20
I30+P63,I30,F20
I30+P64,I30,F20
I30+P65,I30,F20
I30+P66,I30,F20
I30+P67,I30,F20
I30+P68,I30,F20
I30+P69,I30,F20
I30+P70,I30,F20
I30+P71,I30,F20
I30+P72,I30,F20
I30+P73,I30,F20
I30+P74,I30,F20
I30+P75,I30,F20
I30+P76,I30,F20
I30+P77,I30,F20
I30+P78,I30,F20
I30+P79,I30,F20
I30+P80,I30,F20
I30+P81,I30,F20
I30+P82,I30,F20
I30+P83,I30,F20
I30+P84,I30,F20
I31+P00,I31,F06-F21
I31+P01,I31,F06-F21
I31+P02,I31,F06-F21
I31+P03,I31,F06-F21
I31+P04,I31,F06-F21
I31+P05,I31,F06-F21
I31+P06,I31,F06-F21
I31+P07,I31,F06-F21
I31+P08,I31,F06-F21
I31+P09,I31,F06-F21
I31+P10,I31,F06-F21
I31+P11,I31,F06-F21
I31+P12,I31,F06-F21
I32+P00,I32,F10-F21
I32+P01,I32,F10-F21
I32+P02,I32,F10-F21
I32+P03,I32,F10-F21
I32+P04,I32,F10-F21
I32+P05,I32,F10-F21
I32+P06,I32,F10-F21
I32+P07,I32,F10-F21
I32+P08,I32,F10-F21
I32+P09,I32,F10-F21
I32+P10,I32,F10-F21
I32+P11,I32,F10-F21
I32+P12,I32,F10-F21
I32+P13,I32,F10-F21
I32+P14,I32,F10-F21
I32+P15,I32,F10-F21
I33+P00,I33,F14-F21
I33+P01,I33,F14-F21
I33+P02,I33,F14-F21
I33+P03,I33,F14-F21
I33+P04,I33,F14-F21
I33+P05,I33,F14-F21
I33+P06,I33,F14-F21
I33+P07,I33,F14-F21
I33+P08,I33,F14-F21
I33+P09,I33,F14-F21
I33+P10,I33,F14-F21
I33+P11,I33,F14-F21
I33+P12,I33,F14-F21
I34+P00,I34,F20-F21
I34+P01,I34,F20-F21
I34+P02,I34,F20-F21
I34+P03,I34,F20-F21
I34+P04,I34,F20-F21
I34+P05,I34,F20-F21
I34+P06,I34,F20-F21
I34+P07,I34,F20-F21
I34+P08,I34,F20-F21
I34+P09,I34,F20-F21
I34+P10,I34,F20-F21
I35+P00,I35,F21
I35+P01,I35,F21
I35+P02,I35,F21
I35+P03,I35,F21
I35+P04,I35,F21
I35+P05,I35,F21
I35+P06,I35,F21
I35+P07,I35,F21
I35+P08,I35,F21
I35+P09,I35,F21
I35+P10,I35,F21
I35+P11,I35,F21
I35+P12,I35,F21
I35+P13,I35,F21
I35+P14,I35,F21
I35+P15,I35,F21
I35+P16,I35,F21
I35+P17,I35,F21
I35+P18,I35,F21
I35+P19,I35,F21
I35+P20,I35,F21
I35+P21,I35,F21
I35+P22,I35,F21
I35+P23,I35,F21
I35+P24,I35,F21
I35+P25,I35,F21
I35+P26,I35,F21
I35+P27,I35,F21
I35+P28,I35,F21
I35+P29,I35,F21
I35+P30,I35,F21
I35+P31,I35,F21
I35+P32,I35,F21
I35+P33,I35,F21
I35+P34,I35,F21
I35+P35,I35,F21
I35+P36,I35,F21
I35+P37,I35,F21
I36+P00,I36,F21-F22
I36+P01,I36,F21-F22
I36+P02,I36,F21-F22
I36+P03,I36,F21-F22
I36+P04,I36,F21-F22
I37+P00,I37,F22
I37+P01,I37,F22
I37+P02,I37,F22
I37+P03,I37,F22
I37+P04,I37,F22
I37+P05,I37,F22
I37+P06,I37,F22
I37+P07,I37,F22
I37+P08,I37,F22
I37+P09,I37,F22
I37+P10,I37,F22
I37+P11,I37,F22
I37+P12,I37,F22
I37+P13,I37,F22
I37+P14,I37,F22
I37+P15,I37,F22
I37+P16,I37,F22
I37+P17,I37,F22
I37+P18,I37,F22
I37+P19,I37,F22
I37+P20,I37,F22
I37+P21,I37,F22
I37+P22,I37,F22
I37+P23,I37,F22
I37+P24,I37,F22
I37+P25,I37,F22
I37+P26,I37,F22
I37+P27,I37,F22
I37+P28,I37,F22
I37+P29,I37,F22
I37+P30,I37,F22
I37+P31,I37,F22
I37+P32,I37,F22
I37+P33,I37,F22
I37+P34,I37,F22
I37+P35,I37,F22
I37+P36,I37,F22
I37+P37,I37,F22
I37+P38,I37,F22
I37+P39,I37,F22
I37+P40,I37,F22
I37+P41,I37,F22
I37+P42,I37,F22
I37+P43,I37,F22
I37+P44,I37,F22
I37+P45,I37,F22
I37+P46,I37,F22
I37+P47,I37,F22
I37+P48,I37,F22
I37+P49,I37,F22
I37+P50,I37,F22
I37+P51,I37,F22
I37+P52,I37,F22
I37+P53,I37,F22
I37+P54,I37,F22
I37+P55,I37,F22
I37+P56,I37,F22
I37+P57,I37,F22
I37+P58,I37,F22
I37+P59,I37,F22
I37+P60,I37,F22
I37+P61,I37,F22
I37+P62,I37,F22
I37+P63,I37,F22
I37+P64,I37,F22
I37+P65,I37,F22
I37+P66,I37,F22
I37+P67,I37,F22
I37+P68,I37,F22
I37+P69,I37,F22
I37+P70,I37,F22
I37+P71,I37,F22
I37+P72,I37,F22
I37+P73,I37,F22
I37+P74,I37,F22
I37+P75,I37,F22
I37+P76,I37,F22
I37+P77,I37,F22
I37+P78,I37,F22
I37+P79,I37,F22
I37+P80,I37,F22
I37+P81,I37,F22
I37+P82,I37,F22
I37+P83,I37,F22
I37+P84,I37,F22
I37+P85,I37,F22
I37+P86,I37,F22
I37+P87,I37,F22
I37+P88,I37,F22
I37+P89,I37,F22
I37+P90,I37,F22
